<?xml version="1.0" encoding="UTF-8"?>
<beans xmlns="http://www.springframework.org/schema/beans"
	xmlns:xsi="http://www.w3.org/2001/XMLSchema-instance" 
	xmlns:context="http://www.springframework.org/schema/context"
	xsi:schemaLocation="http://www.springframework.org/schema/beans 
	http://www.springframework.org/schema/beans/spring-beans-3.0.xsd 
	http://www.springframework.org/schema/context 
	http://www.springframework.org/schema/context/spring-context-3.0.xsd">
	<!-- 
	<bean id="dataSource" class="org.springframework.jdbc.datasource.DriverManagerDataSource">
		<property name="url" value="jdbc:oracle:thin:@192.168.1.79:1521:Training"></property>
		<property name="username" value="user18"></property>
		<property name="password" value="user18"></property>
		<property name="driverClassName" value="oracle.jdbc.driver.OracleDriver"></property>
	
	</bean>
	 -->
	<bean id="dataSource" class="org.springframework.jdbc.datasource.DriverManagerDataSource">
		<property name="url" value="jdbc:mysql://localhost:3306/chandni"></property>
		<property name="username" value="root"></property>
		<property name="password" value="root@123"></property>
		<property name="driverClassName" value="com.mysql.jdbc.Driver"></property>
	
	</bean>
	
	<bean id="employeeDaoTemplate" class="com.training.dao.EmployeeDAO" autowire="byName">
	
	</bean>
</beans>