<?xml version="1.0" encoding="UTF-8"?>
<beans xmlns="http://www.springframework.org/schema/beans"
	xmlns:xsi="http://www.w3.org/2001/XMLSchema-instance" 
	xmlns:context="http://www.springframework.org/schema/context"
	xsi:schemaLocation="http://www.springframework.org/schema/beans 
	http://www.springframework.org/schema/beans/spring-beans-3.0.xsd 
	http://www.springframework.org/schema/context 
	http://www.springframework.org/schema/context/spring-context-3.0.xsd">

	<context:annotation-config/>
	<bean id="helloWorld" class="com.trainings.messagesource.HelloWorld">
		<property name="greeting" value="Bhawana"></property>
		<property name="message" value="Are you doing assignment?"></property>
		
	</bean>
	
	<bean id="messageSource" class="org.springframework.context.support.ResourceBundleMessageSource">
		<property name="basenames">
			<list>
				<value>mymessages</value>
			</list>
		
		</property>
	
	</bean>

</beans>