<?xml version="1.0" encoding="UTF-8"?>
<beans xmlns="http://www.springframework.org/schema/beans"
	xmlns:xsi="http://www.w3.org/2001/XMLSchema-instance" 
	xmlns:context="http://www.springframework.org/schema/context"
	xsi:schemaLocation="http://www.springframework.org/schema/beans 
	http://www.springframework.org/schema/beans/spring-beans-3.0.xsd 
	http://www.springframework.org/schema/context 
	http://www.springframework.org/schema/context/spring-context-3.0.xsd">

	   
   <!--  <bean id="camera" class="com.trainings.autowire.Camera" >
	   <property name="type" value="vga"></property>
	    </bean>
	   
	    <bean id="screen" class="com.trainings.autowire.Screen">
	   <property name="glassType" value="tuffen"></property>
	   <property name="len" value="5"></property>
	   <property name="bre" value="3"></property>
	    </bean>
	  
	   
	  <bean id="speaker" class="com.trainings.autowire.Speaker">
	   <property name="type" value="mono"></property>
	   <property name="volLevels" value="10"></property>
	   
	   </bean>  -->	
	   <bean class="org.springframework.beans.factory.config.PropertyPlaceholderConfigurer">
<property name="Location" value="mobile.properties"></property>

</bean>
	   
	   <context:annotation-config/>
	   <context:component-scan base-package="com.trainings.autowire"></context:component-scan>
	    
	   <bean id="mobile" class="com.trainings.autowire.Mobile" autowire="byName"/>
	  
	   
	  
	  
	   </beans>