<?xml version="1.0" encoding="UTF-8"?>
<beans xmlns="http://www.springframework.org/schema/beans"
       xmlns:xsi="http://www.w3.org/2001/XMLSchema-instance"
       xsi:schemaLocation="http://www.springframework.org/schema/beans 
	   http://www.springframework.org/schema/beans/spring-beans.xsd">
	   
	   <bean id="screen" class="com.trainings.autowire.Screen">
	   <property name="glassType" value="tuffen"></property>
	   <property name="len" value="5"></property>
	   <property name="bre" value="3"></property>
	    </bean>
	   
	  </beans>